Workbook

Sheet WeeklyReturns
A1: date | B1: CNR | C1: FTS | D1: RY | E1: SU | F1: T | G1: TRI
A2: 40914 | B2: -0.016220321 | C2: -0.011986274 | D2: 0.0013472128 | E2: 0.073860367 | F2: -0.0083282731 | G2: 0.017259274
A3: 40921 | B3: -0.0076101377 | C3: -0.0054596119 | D3: 0.00076781316 | E3: 0.034231235 | F3: -0.023792992 | G3: 0.031046465
A4: 40928 | B4: 0.018274711 | C4: 0.014943313 | D4: 0.033787454 | E4: 0.037081235 | F4: 0.0034047737 | G4: 0.023460395
A5: 40935 | B5: -0.042419599 | C5: 0.0018021942 | D5: -0.018471043 | E5: 0.02127605 | F5: 0.0024998358 | G5: -0.048921984
A6: 40942 | B6: 0.021100883 | C6: 0.018295615 | D6: 0.019109496 | E6: 0.0098370883 | F6: 0.01158046 | G6: -0.021942279
A7: 40949 | B7: -0.0068031863 | C7: -0.010014912 | D7: 0.0050617525 | E7: -0.029513356 | F7: -0.0084528948 | G7: -0.019492542
A8: 40956 | B8: -0.011630243 | C8: -0.013791178 | D8: -0.0085831587 | E8: 0.007970578 | F8: -0.0049722198 | G8: 0.024329492
A9: 40963 | B9: 0.0050992742 | C9: -0.024656822 | D9: 0.028604018 | E9: 0.08289474 | F9: 0.021421165 | G9: 0.05706009
A10: 40970 | B10: 0.0001302166 | C10: 0.023409732 | D10: 0.031833176 | E10: -0.038172235 | F10: 0.0013972343 | G10: 0.0066587699
A11: 40977 | B11: -0.003885806 | C11: -0.010674715 | D11: 0.0081562184 | E11: -0.034132416 | F11: 0.0065080262 | G11: -0.008703997
A12: 40984 | B12: 0.030051938 | C12: 0.0067821306 | D12: 0.020399979 | E12: -0.038552376 | F12: 0.0019267749 | G12: 0.024938184
A13: 40991 | B13: -0.0054778764 | C13: -0.0067365956 | D13: -0.00034560467 | E13: -0.0036446071 | F13: 0.0048956975 | G13: 0.013363539
... A262: 42734 | B262: -0.012674728 | C262: -0.00096310107 | D262: -0.0088341671 | E262: -0.010370709 | F262: -0.00046763938 | G262: -0.01160705

Sheet T_Bills
A1: Item | B1: Value
A2: Annual T-bill rate | B2: 0.01
A3: Days in 3-month period | B3: 90
A4: Days in year | B4: 365
A5: Weeks in 3-month period | B5: 12
A6: 3-month holding period return | B6: =B2*B3/B4 -> 0.0024657534
A7: Weekly risk-free rate | B7: =(1+B6)^(1/B5)-1 -> 0.0002052476
A8: Weeks per year | B8: 52

Sheet Stats_of_Stocks
A1: Ticker | B1: MeanReturn | C1: ExcessReturn | D1: Stdev
A2: CNR | B2: =AVERAGE(WeeklyReturns!B:B) -> 0.0056673134 | C2: =B2-T_Bills!$B$7 -> 0.0054620658 | D2: =_xlfn.STDEV.S(WeeklyReturns!B:B) -> 0.039902786
A3: FTS | B3: =AVERAGE(WeeklyReturns!C:C) -> 0.0017804575 | C3: =B3-T_Bills!$B$7 -> 0.0015752099 | D3: =_xlfn.STDEV.S(WeeklyReturns!C:C) -> 0.021353394
A4: RY | B4: =AVERAGE(WeeklyReturns!D:D) -> 0.0031106397 | C4: =B4-T_Bills!$B$7 -> 0.0029053921 | D4: =_xlfn.STDEV.S(WeeklyReturns!D:D) -> 0.019967621
A5: SU | B5: =AVERAGE(WeeklyReturns!E:E) -> 0.0025854038 | C5: =B5-T_Bills!$B$7 -> 0.0023801562 | D5: =_xlfn.STDEV.S(WeeklyReturns!E:E) -> 0.033569687
A6: T | B6: =AVERAGE(WeeklyReturns!F:F) -> 0.0024848861 | C6: =B6-T_Bills!$B$7 -> 0.0022796385 | D6: =_xlfn.STDEV.S(WeeklyReturns!F:F) -> 0.020110787
A7: TRI | B7: =AVERAGE(WeeklyReturns!G:G) -> 0.0038853579 | C7: =B7-T_Bills!$B$7 -> 0.0036801103 | D7: =_xlfn.STDEV.S(WeeklyReturns!G:G) -> 0.020686337

Sheet CoVar
A1: Ticker | B1: CNR | C1: FTS | D1: RY | E1: SU | F1: T | G1: TRI
A2: CNR | B2: =_xlfn.COVARIANCE.S(WeeklyReturns!B:B,WeeklyReturns!B:B) -> 0.0015922323 | C2: =_xlfn.COVARIANCE.S(WeeklyReturns!B:B,WeeklyReturns!C:C) -> 0.00014921175 | D2: =_xlfn.COVARIANCE.S(WeeklyReturns!B:B,WeeklyReturns!D:D) -> 0.0001620436 | E2: =_xlfn.COVARIANCE.S(WeeklyReturns!B:B,WeeklyReturns!E:E) -> 0.00025946703 | F2: =_xlfn.COVARIANCE.S(WeeklyReturns!B:B,WeeklyReturns!F:F) -> 9.5574643e-05 | G2: =_xlfn.COVARIANCE.S(WeeklyReturns!B:B,WeeklyReturns!G:G) -> 0.00018752967
A3: FTS | B3: =_xlfn.COVARIANCE.S(WeeklyReturns!C:C,WeeklyReturns!B:B) -> 0.00014921175 | C3: =_xlfn.COVARIANCE.S(WeeklyReturns!C:C,WeeklyReturns!C:C) -> 0.00045596743 | D3: =_xlfn.COVARIANCE.S(WeeklyReturns!C:C,WeeklyReturns!D:D) -> 0.00013939446 | E3: =_xlfn.COVARIANCE.S(WeeklyReturns!C:C,WeeklyReturns!E:E) -> 0.0001780876 | F3: =_xlfn.COVARIANCE.S(WeeklyReturns!C:C,WeeklyReturns!F:F) -> 0.00015061256 | G3: =_xlfn.COVARIANCE.S(WeeklyReturns!C:C,WeeklyReturns!G:G) -> 0.00011444725
A4: RY | B4: =_xlfn.COVARIANCE.S(WeeklyReturns!D:D,WeeklyReturns!B:B) -> 0.0001620436 | C4: =_xlfn.COVARIANCE.S(WeeklyReturns!D:D,WeeklyReturns!C:C) -> 0.00013939446 | D4: =_xlfn.COVARIANCE.S(WeeklyReturns!D:D,WeeklyReturns!D:D) -> 0.00039870588 | E4: =_xlfn.COVARIANCE.S(WeeklyReturns!D:D,WeeklyReturns!E:E) -> 0.00030759524 | F4: =_xlfn.COVARIANCE.S(WeeklyReturns!D:D,WeeklyReturns!F:F) -> 0.00010589192 | G4: =_xlfn.COVARIANCE.S(WeeklyReturns!D:D,WeeklyReturns!G:G) -> 0.00016358007
A5: SU | B5: =_xlfn.COVARIANCE.S(WeeklyReturns!E:E,WeeklyReturns!B:B) -> 0.00025946703 | C5: =_xlfn.COVARIANCE.S(WeeklyReturns!E:E,WeeklyReturns!C:C) -> 0.0001780876 | D5: =_xlfn.COVARIANCE.S(WeeklyReturns!E:E,WeeklyReturns!D:D) -> 0.00030759524 | E5: =_xlfn.COVARIANCE.S(WeeklyReturns!E:E,WeeklyReturns!E:E) -> 0.0011269239 | F5: =_xlfn.COVARIANCE.S(WeeklyReturns!E:E,WeeklyReturns!F:F) -> 0.00012433261 | G5: =_xlfn.COVARIANCE.S(WeeklyReturns!E:E,WeeklyReturns!G:G) -> 0.00022827061
A6: T | B6: =_xlfn.COVARIANCE.S(WeeklyReturns!F:F,WeeklyReturns!B:B) -> 9.5574643e-05 | C6: =_xlfn.COVARIANCE.S(WeeklyReturns!F:F,WeeklyReturns!C:C) -> 0.00015061256 | D6: =_xlfn.COVARIANCE.S(WeeklyReturns!F:F,WeeklyReturns!D:D) -> 0.00010589192 | E6: =_xlfn.COVARIANCE.S(WeeklyReturns!F:F,WeeklyReturns!E:E) -> 0.00012433261 | F6: =_xlfn.COVARIANCE.S(WeeklyReturns!F:F,WeeklyReturns!F:F) -> 0.00040444374 | G6: =_xlfn.COVARIANCE.S(WeeklyReturns!F:F,WeeklyReturns!G:G) -> 0.0001148382
A7: TRI | B7: =_xlfn.COVARIANCE.S(WeeklyReturns!G:G,WeeklyReturns!B:B) -> 0.00018752967 | C7: =_xlfn.COVARIANCE.S(WeeklyReturns!G:G,WeeklyReturns!C:C) -> 0.00011444725 | D7: =_xlfn.COVARIANCE.S(WeeklyReturns!G:G,WeeklyReturns!D:D) -> 0.00016358007 | E7: =_xlfn.COVARIANCE.S(WeeklyReturns!G:G,WeeklyReturns!E:E) -> 0.00022827061 | F7: =_xlfn.COVARIANCE.S(WeeklyReturns!G:G,WeeklyReturns!F:F) -> 0.0001148382 | G7: =_xlfn.COVARIANCE.S(WeeklyReturns!G:G,WeeklyReturns!G:G) -> 0.00042792452

Sheet OptPortfolio
A1: Ticker | B1: MeanReturn | C1: Weight | D1: Total Weight
A2: CNR | B2: =Stats_of_Stocks!B2 -> 0.0056673134 | C2: 0.17301708 | D2: =SUM(C2:C7) -> 0.999999
A3: FTS | B3: =Stats_of_Stocks!B3 -> 0.0017804575 | C3: -0.045621336
A4: RY | B4: =Stats_of_Stocks!B4 -> 0.0031106397 | C4: 0.30105479
A5: SU | B5: =Stats_of_Stocks!B5 -> 0.0025854038 | C5: -0.070838533
A6: T | B6: =Stats_of_Stocks!B6 -> 0.0024848861 | C6: 0.20913833
A7: TRI | B7: =Stats_of_Stocks!B7 -> 0.0038853579 | C7: 0.43324867
A9: weekly risk free rate | B9: =T_Bills!B7 -> 0.0002052476
A10: Portfolio calculations
A11: Expected weekly return | B11: =SUMPRODUCT(C2:C7,B2:B7) -> 0.003855653
A12: Portfolio variance | B12: {=MMULT(TRANSPOSE(C2:C7), MMULT(CoVar!B2:G7, C2:C7))} -> 0.00026753857
A13: Portfolio stdev | B13: =SQRT(B12) -> 0.016356606
A14: Weekly Sharpe ratio | B14: =(B11-B9)/B13 -> 0.22317621
A16: Annualized expected return | B16: =(1+B11)^T_Bills!$B$8-1 -> 0.2215352
A17: Annualized stdev | B17: =B13*SQRT(T_Bills!$B$8) -> 0.11794916
A18: Annualized risk-free rate | B18: =(1+T_Bills!$B$7)^T_Bills!$B$8-1 -> 0.010728926
A19: Annualized Sharpe ratio | B19: =(B16-B18)/B17 -> 1.7872638

Sheet Q2_WithShotSell
A1: Ticker | B1: Weights
A2: CNR | B2: =ROUND(OptPortfolio!C2,2) -> 0.17
A3: FTS | B3: =ROUND(OptPortfolio!C3,2) -> -0.05
A4: RY | B4: =ROUND(OptPortfolio!C4,2) -> 0.3
A5: SU | B5: =ROUND(OptPortfolio!C5,2) -> -0.07
A6: T | B6: =ROUND(OptPortfolio!C6,2) -> 0.21
A7: TRI | B7: =ROUND(OptPortfolio!C7,2) -> 0.43
A9: Stats | B9: Values
A10: Expected weekly return | B10: =SUMPRODUCT(B2:B7, Stats_of_Stocks!B2:B7) -> 0.003819164
A11: Portfolio variance | B11: {=MMULT(TRANSPOSE(B2:B7), MMULT(CoVar!B2:G7, B2:B7))} -> 0.00026252773
A12: Portfolio stdev | B12: =SQRT(B11) -> 0.016202708
A13: Weekly Sharpe ratio | B13: =(B10 - T_Bills!$B$7) / B12 -> 0.22304398
A14: Total Weight | B14: =SUM(B2:B7) -> 0.99

Sheet Q3_Graph
A1: With ShortSell
A2: Ticker | B2: MeanReturn | C2: Stdev | D2: Type
A3: CNR | B3: =Stats_of_Stocks!B2 -> 0.0056673134 | C3: =Stats_of_Stocks!D2 -> 0.039902786 | D3: Stock
A4: FTS | B4: =Stats_of_Stocks!B3 -> 0.0017804575 | C4: =Stats_of_Stocks!D3 -> 0.021353394 | D4: Stock
A5: RY | B5: =Stats_of_Stocks!B4 -> 0.0031106397 | C5: =Stats_of_Stocks!D4 -> 0.019967621 | D5: Stock
A6: SU | B6: =Stats_of_Stocks!B5 -> 0.0025854038 | C6: =Stats_of_Stocks!D5 -> 0.033569687 | D6: Stock
A7: T | B7: =Stats_of_Stocks!B6 -> 0.0024848861 | C7: =Stats_of_Stocks!D6 -> 0.020110787 | D7: Stock
A8: TRI | B8: =Stats_of_Stocks!B7 -> 0.0038853579 | C8: =Stats_of_Stocks!D7 -> 0.020686337 | D8: Stock
A9: Portfolio | B9: =OptPortfolio!B11 -> 0.003855653 | C9: =OptPortfolio!B13 -> 0.016356606 | D9: Portfolio
A18: The optimal risky portfolio lies above all individual equities in the mean–standard deviation space, reflecting that it has a superior risk-adjusted return (highest Sharpe ratio).
A19: Diversification reduces risk without sacrificing return, shifting the portfolio above the individual points.
A20: Some stocks with lower risk but low returns, or high returns but high risk, lie “below" the efficient frontier.
A21: The tangency portfolio combines the best attributes of all six equities and therefore sits at the top of the linear capital allocation line, exactly where theory predicts it should be.

Sheet Q5_GMV_SolveWeights
A1: GMV
A2: Ticker | B2: Weights
A3: CNR | B3: 0.038765974
A4: FTS | B4: 0.20254435
A5: RY | B5: 0.25582965
A6: SU | B6: -0.01030519
A7: T | B7: 0.28305946
A8: TRI | B8: 0.23010576
A10: Stats | B10: Values
A11: Exptected Return | B11: =SUMPRODUCT(B3:B8, Stats_of_Stocks!B2:B7) -> 0.002946885
A12: Variance | B12: {=MMULT(TRANSPOSE(B3:B8), MMULT(CoVar!B2:G7, B3:B8))} -> 0.00020093506
A13: Std | B13: =SQRT(B12) -> 0.014175156
A14: Sharpe Ratio | B14: =(B11 - T_Bills!$B$7) /B13 -> 0.19341144
A15: Sum of weights | B15: =SUM(B3:B8) -> 1

Sheet Q5_GMV_Graph
A1: Ticker | B1: MeanReturn | C1: Stdev | D1: Type
A2: CNR | B2: =Stats_of_Stocks!B2 -> 0.0056673134 | C2: =Stats_of_Stocks!D2 -> 0.039902786 | D2: Stock
A3: FTS | B3: =Stats_of_Stocks!B3 -> 0.0017804575 | C3: =Stats_of_Stocks!D3 -> 0.021353394 | D3: Stock
A4: RY | B4: =Stats_of_Stocks!B4 -> 0.0031106397 | C4: =Stats_of_Stocks!D4 -> 0.019967621 | D4: Stock
A5: SU | B5: =Stats_of_Stocks!B5 -> 0.0025854038 | C5: =Stats_of_Stocks!D5 -> 0.033569687 | D5: Stock
A6: T | B6: =Stats_of_Stocks!B6 -> 0.0024848861 | C6: =Stats_of_Stocks!D6 -> 0.020110787 | D6: Stock
A7: TRI | B7: =Stats_of_Stocks!B7 -> 0.0038853579 | C7: =Stats_of_Stocks!D7 -> 0.020686337 | D7: Stock
A8: Portfolio | B8: =OptPortfolio!B11 -> 0.003855653 | C8: =OptPortfolio!B13 -> 0.016356606 | D8: Portfolio
A9: GMV | B9: 0.002946885 | C9: 0.014175156 | D9: Portfolio

Sheet Q6_NoShortSell
A1: Ticker | B1: Weights
A2: CNR | B2: 0.16356534
A3: FTS | B3: 0
A4: RY | B4: 0.24246822
A5: SU | B5: 0
A6: T | B6: 0.18922388
A7: TRI | B7: 0.40474256
A9: Stats | B9: Values
A10: Expected weekly return | B10: =SUMPRODUCT(B2:B7, Stats_of_Stocks!B2:B7) -> 0.0037239768
A11: Portfolio variance | B11: {=MMULT(TRANSPOSE(B2:B7), MMULT(CoVar!B2:G7, B2:B7))} -> 0.00025363322
A12: Portfolio stdev | B12: =SQRT(B11) -> 0.015925866
A13: Weekly Sharpe ratio | B13: =(B10 - T_Bills!$B$7) / B12 -> 0.22094429
B14: =SUM(B2:B7) -> 1

Sheet Q6 Graph
A1: Ticker | B1: MeanReturn | C1: Stdev | D1: Type
A2: CNR | B2: =Stats_of_Stocks!B2 -> 0.0056673134 | C2: =Stats_of_Stocks!D2 -> 0.039902786 | D2: Stock
A3: FTS | B3: =Stats_of_Stocks!B3 -> 0.0017804575 | C3: =Stats_of_Stocks!D3 -> 0.021353394 | D3: Stock
A4: RY | B4: =Stats_of_Stocks!B4 -> 0.0031106397 | C4: =Stats_of_Stocks!D4 -> 0.019967621 | D4: Stock
A5: SU | B5: =Stats_of_Stocks!B5 -> 0.0025854038 | C5: =Stats_of_Stocks!D5 -> 0.033569687 | D5: Stock
A6: T | B6: =Stats_of_Stocks!B6 -> 0.0024848861 | C6: =Stats_of_Stocks!D6 -> 0.020110787 | D6: Stock
A7: TRI | B7: =Stats_of_Stocks!B7 -> 0.0038853579 | C7: =Stats_of_Stocks!D7 -> 0.020686337 | D7: Stock
A8: Short-Sell Portfolio | B8: =OptPortfolio!B11 -> 0.003855653 | C8: =OptPortfolio!B13 -> 0.016356606 | D8: Portfolio
A9: GMV | B9: 0.002946885 | C9: 0.014175156 | D9: Portfolio
A10: No Short-Sell Portfolio | B10: =Q6_NoShortSell!B10 -> 0.0037239768 | C10: =Q6_NoShortSell!B12 -> 0.015925866 | D10: Portfolio

Sheet Q8_NoShortSell_Optimal_Portfoli
A1: Ticker | B1: Weights | C1: Dollar Amount | E1: Risk Aversion Coefficient | F1: 15
A2: CNR | B2: 0.16356534 | C2: =F7*B2 -> 151279.38 | E2: Total Money | F2: 1000000
A3: FTS | B3: 0 | C3: =F7*B3 -> 0 | E3: Risk-free weekly | F3: =T_Bills!$B$7 -> 0.0002052476
A4: RY | B4: 0.24246822 | C4: =F7*B4 -> 224255.59 | E4: E[r_p] of no-short tangency | F4: =B8 -> 0.0037239768
A5: SU | B5: 0 | C5: =F7*B5 -> 0 | E5: σ_p of no-short tangency | F5: =B10 -> 0.015925866
A6: T | B6: 0.18922388 | C6: =F7*B6 -> 175010.62 | E6: Optimal risky share y | F6: =(F4 - F3) / (F1 * F5^2) -> 0.92488652
A7: TRI | B7: 0.40474256 | C7: =F7*B7 -> 374340.93 | E7: Amount allocate to risky asset | F7: =F6*1000000 -> 924886.52
A8: Expected weekly return | B8: =SUMPRODUCT(B2:B7, Stats_of_Stocks!B2:B7) -> 0.0037239768 | E8: Risky dollars | F8: =(1-F6)*1000000 -> 75113.48
A9: Portfolio variance | B9: {=MMULT(TRANSPOSE(B2:B7), MMULT(CoVar!B2:G7, B2:B7))} -> 0.00025363322 | E9: Expected Return optimal portfolio | F9: =F6*F4+(1-F6)*F3 -> 0.0034596728
A10: Portfolio stdev | B10: =SQRT(B9) -> 0.015925866 | E10: std of optimal portfolio | F10: =F6*F5 -> 0.014729619
A11: Weekly Sharpe ratio | B11: =(B8 - T_Bills!$B$7) / B10 -> 0.22094429 | E11: Utility | F11: =F9-(F1/2)*(F10^2) -> 0.0018324602
B12: =SUM(B2:B7) -> 1

Sheet Q9&Q10_AllowingShortSell_Optima
A1: Ticker | B1: decision variables | C1: Dollar Amount | E1: Risk Aversion Coefficient | F1: 15
A2: CNR | B2: 0.17301727 | C2: =F7*B2 -> 157381.03 | E2: Total Money | F2: 1000000
A3: FTS | B3: -0.045623916 | C3: =F7*B3 -> -41500.705 | E3: Risk-free weekly | F3: =T_Bills!$B$7 -> 0.0002052476
A4: RY | B4: 0.30105868 | C4: =F7*B4 -> 273850.83 | E4: E[r_p] of short sell allowed tangency | F4: =B8 -> 0.0038556579
A5: SU | B5: -0.070839731 | C5: =F7*B5 -> -64437.668 | E5: σ_p of no-short tangency | F5: =B10 -> 0.016356627
A6: T | B6: 0.20914072 | C6: =F7*B6 -> 190239.86 | E6: Optimal risky share y | F6: =(F4 - F3) / (F1 * F5^2) -> 0.9096261
A7: TRI | B7: 0.43324697 | C7: =F7*B7 -> 394092.75 | E7: Amount allocate to risky asset | F7: =F6*1000000 -> 909626.1
A8: Expected weekly return | B8: =SUMPRODUCT(B2:B7, Stats_of_Stocks!B2:B7) -> 0.0038556579 | E8: Risky dollars | F8: =(1-F6)*1000000 -> 90373.897
A9: Portfolio variance | B9: {=MMULT(TRANSPOSE(B2:B7), MMULT(CoVar!B2:G7, B2:B7))} -> 0.00026753925 | E9: Expected Return optimal portfolio | F9: =F6*F4+(1-F6)*F3 -> 0.0035257561
A10: Portfolio stdev | B10: =SQRT(B9) -> 0.016356627 | E10: std of optimal portfolio | F10: =F6*F5 -> 0.014878415
A11: Weekly Sharpe ratio | B11: =(B8 - T_Bills!$B$7) / B10 -> 0.22317622 | E11: Utility | F11: =F9-(F1/2)*(F10^2) -> 0.0018655018
B12: =SUM(B2:B7) -> 1

Sheet Q11_Certainty_Equivalent
A1: No short selling optimal portfolio | D1: Short selling allowed optimal portfolio
A2: Risk Aversion Coefficient | B2: 15 | D2: Risk Aversion Coefficient | E2: 15
A3: Total Money | B3: 1000000 | D3: Total Money | E3: 1000000
A4: Risk-free weekly | B4: 0.0002052476 | D4: Risk-free weekly | E4: 0.0002052476
A5: E[r_p] of no-short tangency | B5: 0.0037239768 | D5: E[r_p] of short sell allowed tangency | E5: 0.0038556579
A6: σ_p of no-short tangency | B6: 0.015925866 | D6: σ_p of no-short tangency | E6: 0.016356627
A7: Optimal risky share y | B7: 0.92488652 | D7: Optimal risky share y | E7: 0.9096261
A8: Amount allocate to risky asset | B8: 924886.52 | D8: Amount allocate to risky asset | E8: 909626.1
A9: Risky dollars | B9: 75113.48 | D9: Risky dollars | E9: 90373.897
A10: Expected Return optimal portfolio | B10: 0.0034596728 | D10: Expected Return optimal portfolio | E10: 0.0035257561
A11: std of optimal portfolio | B11: 0.014729619 | D11: std of optimal portfolio | E11: 0.014878415
A12: Utility | B12: 0.0018324602 | D12: Utility | E12: 0.0018655018
A15: To make one indifferent between short sell and no short sell, we hold constant no short sell utility
A16: The amount of expected return they can take away is just the difference in utility
A17: =E12-B12 -> 3.3041626e-05
